CORREO,VIN
cliente408@empresa-demo.com,VIN000267
cliente67@empresa-demo.com,VIN000131
cliente618@empresa-demo.com,VIN000009
cliente108@empresa-demo.com,VIN000037
cliente341@empresa-demo.com,VIN000047
cliente596@empresa-demo.com,VIN000175
cliente361@empresa-demo.com,VIN000043
cliente687@empresa-demo.com,VIN000083
cliente400@empresa-demo.com,VIN000252
cliente386@empresa-demo.com,VIN000154
cliente582@empresa-demo.com,VIN000180
cliente100@empresa-demo.com,VIN000020
cliente694@empresa-demo.com,VIN000010
cliente411@empresa-demo.com,VIN000023
cliente447@empresa-demo.com,VIN000010
cliente428@empresa-demo.com,VIN000058
cliente743@empresa-demo.com,VIN000011
cliente358@empresa-demo.com,VIN000285
cliente332@empresa-demo.com,VIN000160
cliente262@empresa-demo.com,VIN000130
cliente680@empresa-demo.com,VIN000255
cliente625@empresa-demo.com,VIN000042
cliente627@empresa-demo.com,VIN000042
cliente709@empresa-demo.com,VIN000043
cliente51@empresa-demo.com,VIN000202
cliente324@empresa-demo.com,VIN000142
cliente533@empresa-demo.com,VIN000102
cliente186@empresa-demo.com,VIN000227
cliente615@empresa-demo.com,VIN000125
cliente79@empresa-demo.com,VIN000034
cliente65@empresa-demo.com,VIN000175
cliente422@empresa-demo.com,VIN000086
cliente342@empresa-demo.com,VIN000057
cliente26@empresa-demo.com,VIN000015
cliente451@empresa-demo.com,VIN000231
cliente460@empresa-demo.com,VIN000247
cliente214@empresa-demo.com,VIN000242
cliente214@empresa-demo.com,VIN000179
cliente529@empresa-demo.com,VIN000225
cliente256@empresa-demo.com,VIN000011
cliente629@empresa-demo.com,VIN000084
cliente204@empresa-demo.com,VIN000271
cliente351@empresa-demo.com,VIN000249
cliente277@empresa-demo.com,VIN000202
cliente194@empresa-demo.com,VIN000100
cliente269@empresa-demo.com,VIN000132
cliente782@empresa-demo.com,VIN000079
cliente304@empresa-demo.com,VIN000016
cliente130@empresa-demo.com,VIN000266
cliente198@empresa-demo.com,VIN000152
cliente700@empresa-demo.com,VIN000231
cliente627@empresa-demo.com,VIN000175
cliente669@empresa-demo.com,VIN000169
cliente487@empresa-demo.com,VIN000221
cliente592@empresa-demo.com,VIN000002
cliente54@empresa-demo.com,VIN000073
cliente659@empresa-demo.com,VIN000059
cliente349@empresa-demo.com,VIN000176
cliente562@empresa-demo.com,VIN000029
cliente301@empresa-demo.com,VIN000028
cliente356@empresa-demo.com,VIN000094
cliente507@empresa-demo.com,VIN000252
cliente723@empresa-demo.com,VIN000032
cliente798@empresa-demo.com,VIN000231
cliente232@empresa-demo.com,VIN000196
cliente398@empresa-demo.com,VIN000033
cliente03@empresa-demo.com,VIN000169
cliente688@empresa-demo.com,VIN000297
cliente570@empresa-demo.com,VIN000195
cliente170@empresa-demo.com,VIN000103
cliente541@empresa-demo.com,VIN000282
cliente26@empresa-demo.com,VIN000013
cliente265@empresa-demo.com,VIN000284
cliente285@empresa-demo.com,VIN000091
cliente90@empresa-demo.com,VIN000052
cliente180@empresa-demo.com,VIN000092
cliente426@empresa-demo.com,VIN000266
cliente317@empresa-demo.com,VIN000028
cliente413@empresa-demo.com,VIN000042
cliente230@empresa-demo.com,VIN000217
cliente774@empresa-demo.com,VIN000006
cliente151@empresa-demo.com,VIN000192
cliente487@empresa-demo.com,VIN000054
cliente568@empresa-demo.com,VIN000098
cliente41@empresa-demo.com,VIN000179
cliente387@empresa-demo.com,VIN000058
cliente102@empresa-demo.com,VIN000175
cliente99@empresa-demo.com,VIN000216
cliente373@empresa-demo.com,VIN000020
cliente337@empresa-demo.com,VIN000252
cliente260@empresa-demo.com,VIN000027
cliente641@empresa-demo.com,VIN000176
cliente530@empresa-demo.com,VIN000177
cliente23@empresa-demo.com,VIN000296
cliente375@empresa-demo.com,VIN000120
cliente125@empresa-demo.com,VIN000057
cliente280@empresa-demo.com,VIN000157
cliente583@empresa-demo.com,VIN000262
cliente275@empresa-demo.com,VIN000197
cliente192@empresa-demo.com,VIN000262
cliente08@empresa-demo.com,VIN000280
cliente665@empresa-demo.com,VIN000021
cliente599@empresa-demo.com,VIN000290
cliente197@empresa-demo.com,VIN000165
cliente308@empresa-demo.com,VIN000026
cliente30@empresa-demo.com,VIN000291
cliente798@empresa-demo.com,VIN000264
cliente09@empresa-demo.com,VIN000065
cliente791@empresa-demo.com,VIN000284
cliente752@empresa-demo.com,VIN000088
cliente337@empresa-demo.com,VIN000274
cliente407@empresa-demo.com,VIN000136
cliente475@empresa-demo.com,VIN000208
cliente418@empresa-demo.com,VIN000179
cliente693@empresa-demo.com,VIN000006
cliente284@empresa-demo.com,VIN000273
cliente595@empresa-demo.com,VIN000059
cliente526@empresa-demo.com,VIN000227
cliente156@empresa-demo.com,VIN000035
cliente245@empresa-demo.com,VIN000245
cliente195@empresa-demo.com,VIN000161
cliente488@empresa-demo.com,VIN000143
cliente628@empresa-demo.com,VIN000172
cliente608@empresa-demo.com,VIN000144
cliente535@empresa-demo.com,VIN000148
cliente428@empresa-demo.com,VIN000240
cliente22@empresa-demo.com,VIN000213
cliente202@empresa-demo.com,VIN000238
cliente684@empresa-demo.com,VIN000017
cliente781@empresa-demo.com,VIN000176
cliente667@empresa-demo.com,VIN000090
cliente771@empresa-demo.com,VIN000216
cliente327@empresa-demo.com,VIN000273
cliente297@empresa-demo.com,VIN000009
cliente100@empresa-demo.com,VIN000022
cliente169@empresa-demo.com,VIN000240
cliente159@empresa-demo.com,VIN000284
cliente438@empresa-demo.com,VIN000044
cliente275@empresa-demo.com,VIN000061
cliente763@empresa-demo.com,VIN000197
cliente687@empresa-demo.com,VIN000229
cliente176@empresa-demo.com,VIN000086
cliente756@empresa-demo.com,VIN000249
cliente235@empresa-demo.com,VIN000148
cliente233@empresa-demo.com,VIN000045
cliente398@empresa-demo.com,VIN000189
cliente720@empresa-demo.com,VIN000160
cliente776@empresa-demo.com,VIN000175
cliente130@empresa-demo.com,VIN000184
cliente303@empresa-demo.com,VIN000202
cliente155@empresa-demo.com,VIN000258
cliente692@empresa-demo.com,VIN000235
cliente324@empresa-demo.com,VIN000256
cliente203@empresa-demo.com,VIN000227
cliente265@empresa-demo.com,VIN000239
cliente400@empresa-demo.com,VIN000009
cliente572@empresa-demo.com,VIN000084
cliente321@empresa-demo.com,VIN000161
cliente664@empresa-demo.com,VIN000088
cliente431@empresa-demo.com,VIN000250
cliente46@empresa-demo.com,VIN000151
cliente393@empresa-demo.com,VIN000150
cliente578@empresa-demo.com,VIN000225
cliente226@empresa-demo.com,VIN000235
cliente129@empresa-demo.com,VIN000249
cliente68@empresa-demo.com,VIN000141
cliente47@empresa-demo.com,VIN000154
cliente141@empresa-demo.com,VIN000014
cliente16@empresa-demo.com,VIN000235
cliente109@empresa-demo.com,VIN000026
cliente322@empresa-demo.com,VIN000117
cliente244@empresa-demo.com,VIN000263
cliente315@empresa-demo.com,VIN000174
cliente388@empresa-demo.com,VIN000097
cliente270@empresa-demo.com,VIN000042
cliente714@empresa-demo.com,VIN000028
cliente248@empresa-demo.com,VIN000193
cliente291@empresa-demo.com,VIN000296
cliente765@empresa-demo.com,VIN000293
cliente644@empresa-demo.com,VIN000179
cliente448@empresa-demo.com,VIN000029
cliente718@empresa-demo.com,VIN000060
cliente299@empresa-demo.com,VIN000018
cliente40@empresa-demo.com,VIN000262
cliente160@empresa-demo.com,VIN000081
cliente481@empresa-demo.com,VIN000276
cliente172@empresa-demo.com,VIN000003
cliente218@empresa-demo.com,VIN000144
cliente42@empresa-demo.com,VIN000059
cliente702@empresa-demo.com,VIN000131
cliente100@empresa-demo.com,VIN000119
cliente210@empresa-demo.com,VIN000166
cliente165@empresa-demo.com,VIN000032
cliente418@empresa-demo.com,VIN000259
cliente208@empresa-demo.com,VIN000074
cliente357@empresa-demo.com,VIN000093
cliente412@empresa-demo.com,VIN000283
cliente178@empresa-demo.com,VIN000192
cliente637@empresa-demo.com,VIN000160
cliente314@empresa-demo.com,VIN000163
cliente80@empresa-demo.com,VIN000253
cliente43@empresa-demo.com,VIN000012
cliente339@empresa-demo.com,VIN000207
cliente250@empresa-demo.com,VIN000037
cliente676@empresa-demo.com,VIN000197
cliente788@empresa-demo.com,VIN000197
cliente678@empresa-demo.com,VIN000030
cliente443@empresa-demo.com,VIN000150
cliente721@empresa-demo.com,VIN000127
cliente298@empresa-demo.com,VIN000275
cliente231@empresa-demo.com,VIN000178
cliente88@empresa-demo.com,VIN000061
cliente148@empresa-demo.com,VIN000270
cliente372@empresa-demo.com,VIN000174
cliente787@empresa-demo.com,VIN000290
cliente89@empresa-demo.com,VIN000101
cliente702@empresa-demo.com,VIN000011
cliente722@empresa-demo.com,VIN000067
cliente548@empresa-demo.com,VIN000139
cliente262@empresa-demo.com,VIN000026
cliente743@empresa-demo.com,VIN000147
cliente171@empresa-demo.com,VIN000228
cliente130@empresa-demo.com,VIN000082
cliente540@empresa-demo.com,VIN000064
cliente441@empresa-demo.com,VIN000037
cliente256@empresa-demo.com,VIN000278
cliente558@empresa-demo.com,VIN000014
cliente563@empresa-demo.com,VIN000167
cliente578@empresa-demo.com,VIN000149
cliente26@empresa-demo.com,VIN000238
cliente473@empresa-demo.com,VIN000117
cliente88@empresa-demo.com,VIN000161
cliente551@empresa-demo.com,VIN000113
cliente441@empresa-demo.com,VIN000076
cliente525@empresa-demo.com,VIN000107
cliente182@empresa-demo.com,VIN000195
cliente368@empresa-demo.com,VIN000070
cliente776@empresa-demo.com,VIN000159
cliente581@empresa-demo.com,VIN000285
cliente424@empresa-demo.com,VIN000291
cliente250@empresa-demo.com,VIN000222
cliente618@empresa-demo.com,VIN000203
cliente115@empresa-demo.com,VIN000192
cliente108@empresa-demo.com,VIN000195
cliente229@empresa-demo.com,VIN000081
cliente264@empresa-demo.com,VIN000020
cliente219@empresa-demo.com,VIN000250
cliente238@empresa-demo.com,VIN000127
cliente552@empresa-demo.com,VIN000120
cliente326@empresa-demo.com,VIN000274
cliente794@empresa-demo.com,VIN000121
cliente732@empresa-demo.com,VIN000028
cliente477@empresa-demo.com,VIN000125
cliente529@empresa-demo.com,VIN000225
cliente155@empresa-demo.com,VIN000050
cliente21@empresa-demo.com,VIN000016
cliente274@empresa-demo.com,VIN000241
cliente107@empresa-demo.com,VIN000283
cliente228@empresa-demo.com,VIN000120
cliente246@empresa-demo.com,VIN000230
cliente26@empresa-demo.com,VIN000223
cliente611@empresa-demo.com,VIN000054
cliente552@empresa-demo.com,VIN000099
cliente463@empresa-demo.com,VIN000083
cliente30@empresa-demo.com,VIN000190
cliente702@empresa-demo.com,VIN000295
cliente281@empresa-demo.com,VIN000191
cliente239@empresa-demo.com,VIN000211
cliente393@empresa-demo.com,VIN000170
cliente553@empresa-demo.com,VIN000060
cliente178@empresa-demo.com,VIN000285
cliente55@empresa-demo.com,VIN000224
cliente636@empresa-demo.com,VIN000252
cliente651@empresa-demo.com,VIN000153
cliente620@empresa-demo.com,VIN000108
cliente103@empresa-demo.com,VIN000056
cliente93@empresa-demo.com,VIN000137
cliente594@empresa-demo.com,VIN000274
cliente397@empresa-demo.com,VIN000273
cliente688@empresa-demo.com,VIN000114
cliente709@empresa-demo.com,VIN000184
cliente294@empresa-demo.com,VIN000073
cliente310@empresa-demo.com,VIN000025
cliente228@empresa-demo.com,VIN000227
cliente242@empresa-demo.com,VIN000066
cliente374@empresa-demo.com,VIN000198
cliente374@empresa-demo.com,VIN000100
cliente452@empresa-demo.com,VIN000099
cliente663@empresa-demo.com,VIN000117
cliente172@empresa-demo.com,VIN000047
cliente217@empresa-demo.com,VIN000166
cliente404@empresa-demo.com,VIN000058
cliente556@empresa-demo.com,VIN000280
cliente536@empresa-demo.com,VIN000014
cliente277@empresa-demo.com,VIN000180
cliente38@empresa-demo.com,VIN000004
cliente315@empresa-demo.com,VIN000260
cliente226@empresa-demo.com,VIN000142
cliente606@empresa-demo.com,VIN000234
cliente622@empresa-demo.com,VIN000160
cliente149@empresa-demo.com,VIN000272
cliente318@empresa-demo.com,VIN000274
cliente470@empresa-demo.com,VIN000103
cliente337@empresa-demo.com,VIN000025
cliente480@empresa-demo.com,VIN000294
cliente597@empresa-demo.com,VIN000200
cliente344@empresa-demo.com,VIN000003
cliente274@empresa-demo.com,VIN000020
cliente739@empresa-demo.com,VIN000213
cliente762@empresa-demo.com,VIN000109
cliente718@empresa-demo.com,VIN000132
cliente39@empresa-demo.com,VIN000137
cliente573@empresa-demo.com,VIN000277
cliente25@empresa-demo.com,VIN000137
cliente95@empresa-demo.com,VIN000226
cliente549@empresa-demo.com,VIN000096
cliente240@empresa-demo.com,VIN000047
cliente709@empresa-demo.com,VIN000222
cliente188@empresa-demo.com,VIN000005
cliente434@empresa-demo.com,VIN000087
cliente210@empresa-demo.com,VIN000042
cliente650@empresa-demo.com,VIN000246
cliente725@empresa-demo.com,VIN000228
cliente438@empresa-demo.com,VIN000026
cliente768@empresa-demo.com,VIN000094
cliente798@empresa-demo.com,VIN000193
cliente646@empresa-demo.com,VIN000137
cliente614@empresa-demo.com,VIN000299
cliente07@empresa-demo.com,VIN000096
cliente14@empresa-demo.com,VIN000293
cliente101@empresa-demo.com,VIN000011
cliente732@empresa-demo.com,VIN000118
cliente638@empresa-demo.com,VIN000150
cliente271@empresa-demo.com,VIN000276
cliente56@empresa-demo.com,VIN000115
cliente670@empresa-demo.com,VIN000069
cliente780@empresa-demo.com,VIN000121
cliente657@empresa-demo.com,VIN000120
cliente287@empresa-demo.com,VIN000251
cliente21@empresa-demo.com,VIN000160
cliente767@empresa-demo.com,VIN000084
cliente169@empresa-demo.com,VIN000201
cliente584@empresa-demo.com,VIN000204
cliente90@empresa-demo.com,VIN000273
cliente344@empresa-demo.com,VIN000175
cliente519@empresa-demo.com,VIN000244
cliente349@empresa-demo.com,VIN000199
cliente296@empresa-demo.com,VIN000012
cliente669@empresa-demo.com,VIN000141
cliente131@empresa-demo.com,VIN000071
cliente597@empresa-demo.com,VIN000142
cliente167@empresa-demo.com,VIN000056
cliente714@empresa-demo.com,VIN000091
cliente142@empresa-demo.com,VIN000056
cliente354@empresa-demo.com,VIN000080
cliente548@empresa-demo.com,VIN000208
cliente61@empresa-demo.com,VIN000042
cliente799@empresa-demo.com,VIN000067
cliente259@empresa-demo.com,VIN000043
cliente791@empresa-demo.com,VIN000143
cliente107@empresa-demo.com,VIN000074
cliente265@empresa-demo.com,VIN000223
cliente565@empresa-demo.com,VIN000198
cliente767@empresa-demo.com,VIN000160
cliente459@empresa-demo.com,VIN000180
cliente613@empresa-demo.com,VIN000141
cliente737@empresa-demo.com,VIN000096
cliente453@empresa-demo.com,VIN000131
cliente137@empresa-demo.com,VIN000109
cliente230@empresa-demo.com,VIN000287
cliente650@empresa-demo.com,VIN000026
cliente343@empresa-demo.com,VIN000253
cliente377@empresa-demo.com,VIN000126
cliente614@empresa-demo.com,VIN000025
cliente195@empresa-demo.com,VIN000264
cliente243@empresa-demo.com,VIN000294
cliente222@empresa-demo.com,VIN000253
cliente377@empresa-demo.com,VIN000166
cliente473@empresa-demo.com,VIN000018
cliente469@empresa-demo.com,VIN000048
cliente131@empresa-demo.com,VIN000125
cliente442@empresa-demo.com,VIN000121
cliente200@empresa-demo.com,VIN000285
cliente651@empresa-demo.com,VIN000080
cliente775@empresa-demo.com,VIN000037
cliente446@empresa-demo.com,VIN000150
cliente101@empresa-demo.com,VIN000098
cliente133@empresa-demo.com,VIN000080
cliente237@empresa-demo.com,VIN000196
cliente738@empresa-demo.com,VIN000010
cliente117@empresa-demo.com,VIN000275
cliente769@empresa-demo.com,VIN000211
cliente13@empresa-demo.com,VIN000270
cliente379@empresa-demo.com,VIN000007
cliente599@empresa-demo.com,VIN000269
cliente127@empresa-demo.com,VIN000060
cliente611@empresa-demo.com,VIN000136
cliente743@empresa-demo.com,VIN000245
cliente312@empresa-demo.com,VIN000120
cliente687@empresa-demo.com,VIN000286
cliente352@empresa-demo.com,VIN000033
cliente316@empresa-demo.com,VIN000178
cliente32@empresa-demo.com,VIN000005
cliente642@empresa-demo.com,VIN000073
cliente568@empresa-demo.com,VIN000113
cliente697@empresa-demo.com,VIN000256
cliente550@empresa-demo.com,VIN000086
cliente696@empresa-demo.com,VIN000278
cliente407@empresa-demo.com,VIN000285
cliente597@empresa-demo.com,VIN000280
cliente667@empresa-demo.com,VIN000059
cliente467@empresa-demo.com,VIN000280
cliente425@empresa-demo.com,VIN000072
cliente241@empresa-demo.com,VIN000147
cliente798@empresa-demo.com,VIN000210
cliente486@empresa-demo.com,VIN000234
cliente593@empresa-demo.com,VIN000257
cliente164@empresa-demo.com,VIN000005
cliente169@empresa-demo.com,VIN000057
cliente194@empresa-demo.com,VIN000017
cliente695@empresa-demo.com,VIN000034
cliente15@empresa-demo.com,VIN000097
cliente420@empresa-demo.com,VIN000006
cliente748@empresa-demo.com,VIN000279
cliente727@empresa-demo.com,VIN000158
cliente557@empresa-demo.com,VIN000019
cliente402@empresa-demo.com,VIN000299
cliente614@empresa-demo.com,VIN000194
cliente496@empresa-demo.com,VIN000093
cliente61@empresa-demo.com,VIN000062
cliente582@empresa-demo.com,VIN000263
cliente772@empresa-demo.com,VIN000009
cliente23@empresa-demo.com,VIN000268
cliente315@empresa-demo.com,VIN000165
cliente234@empresa-demo.com,VIN000262
cliente316@empresa-demo.com,VIN000296
cliente742@empresa-demo.com,VIN000120
cliente618@empresa-demo.com,VIN000069
cliente250@empresa-demo.com,VIN000045
cliente50@empresa-demo.com,VIN000298
cliente299@empresa-demo.com,VIN000047
cliente581@empresa-demo.com,VIN000060
cliente330@empresa-demo.com,VIN000097
cliente492@empresa-demo.com,VIN000184
cliente150@empresa-demo.com,VIN000059
cliente528@empresa-demo.com,VIN000223
cliente190@empresa-demo.com,VIN000290
cliente671@empresa-demo.com,VIN000294
cliente368@empresa-demo.com,VIN000226
cliente295@empresa-demo.com,VIN000294
cliente755@empresa-demo.com,VIN000030
cliente131@empresa-demo.com,VIN000094
cliente35@empresa-demo.com,VIN000229
cliente431@empresa-demo.com,VIN000104
cliente567@empresa-demo.com,VIN000212
cliente127@empresa-demo.com,VIN000120
cliente47@empresa-demo.com,VIN000112
cliente197@empresa-demo.com,VIN000035
cliente175@empresa-demo.com,VIN000063
cliente26@empresa-demo.com,VIN000036
cliente313@empresa-demo.com,VIN000127
cliente368@empresa-demo.com,VIN000266
cliente146@empresa-demo.com,VIN000300
cliente108@empresa-demo.com,VIN000275
cliente152@empresa-demo.com,VIN000289
cliente428@empresa-demo.com,VIN000025
cliente656@empresa-demo.com,VIN000272
cliente366@empresa-demo.com,VIN000095
cliente298@empresa-demo.com,VIN000222
cliente578@empresa-demo.com,VIN000139
cliente294@empresa-demo.com,VIN000217
cliente105@empresa-demo.com,VIN000130
cliente98@empresa-demo.com,VIN000213
cliente529@empresa-demo.com,VIN000181
cliente463@empresa-demo.com,VIN000207
cliente742@empresa-demo.com,VIN000133
cliente308@empresa-demo.com,VIN000159
cliente704@empresa-demo.com,VIN000125
cliente176@empresa-demo.com,VIN000001
cliente608@empresa-demo.com,VIN000034
cliente300@empresa-demo.com,VIN000017
cliente240@empresa-demo.com,VIN000194
cliente462@empresa-demo.com,VIN000095
cliente144@empresa-demo.com,VIN000085
cliente57@empresa-demo.com,VIN000257
cliente585@empresa-demo.com,VIN000106
cliente758@empresa-demo.com,VIN000068
cliente707@empresa-demo.com,VIN000111
cliente575@empresa-demo.com,VIN000209
cliente301@empresa-demo.com,VIN000130
cliente118@empresa-demo.com,VIN000237
cliente164@empresa-demo.com,VIN000261
cliente261@empresa-demo.com,VIN000013
cliente262@empresa-demo.com,VIN000034
cliente05@empresa-demo.com,VIN000005
cliente495@empresa-demo.com,VIN000258
cliente137@empresa-demo.com,VIN000170
cliente54@empresa-demo.com,VIN000133
cliente697@empresa-demo.com,VIN000109
cliente192@empresa-demo.com,VIN000147
cliente236@empresa-demo.com,VIN000195
cliente776@empresa-demo.com,VIN000240
cliente83@empresa-demo.com,VIN000076
cliente260@empresa-demo.com,VIN000148
cliente04@empresa-demo.com,VIN000259
cliente640@empresa-demo.com,VIN000119
cliente465@empresa-demo.com,VIN000163
cliente618@empresa-demo.com,VIN000204
cliente298@empresa-demo.com,VIN000148
cliente168@empresa-demo.com,VIN000228
cliente158@empresa-demo.com,VIN000019
cliente494@empresa-demo.com,VIN000130
cliente589@empresa-demo.com,VIN000007
cliente197@empresa-demo.com,VIN000078
cliente287@empresa-demo.com,VIN000025
cliente433@empresa-demo.com,VIN000066
cliente161@empresa-demo.com,VIN000193
cliente677@empresa-demo.com,VIN000177
cliente394@empresa-demo.com,VIN000249
cliente288@empresa-demo.com,VIN000026
cliente109@empresa-demo.com,VIN000223
cliente269@empresa-demo.com,VIN000079
cliente430@empresa-demo.com,VIN000295
cliente428@empresa-demo.com,VIN000045
cliente542@empresa-demo.com,VIN000125
cliente745@empresa-demo.com,VIN000041
cliente359@empresa-demo.com,VIN000054
cliente532@empresa-demo.com,VIN000034
cliente180@empresa-demo.com,VIN000288
cliente194@empresa-demo.com,VIN000263
cliente558@empresa-demo.com,VIN000150
cliente793@empresa-demo.com,VIN000226
cliente756@empresa-demo.com,VIN000112
cliente613@empresa-demo.com,VIN000149
cliente616@empresa-demo.com,VIN000297
cliente716@empresa-demo.com,VIN000128
cliente217@empresa-demo.com,VIN000260
cliente313@empresa-demo.com,VIN000247
cliente537@empresa-demo.com,VIN000042
cliente319@empresa-demo.com,VIN000170
cliente319@empresa-demo.com,VIN000101
cliente720@empresa-demo.com,VIN000007
cliente333@empresa-demo.com,VIN000118
cliente532@empresa-demo.com,VIN000056
cliente635@empresa-demo.com,VIN000271
cliente368@empresa-demo.com,VIN000023
cliente433@empresa-demo.com,VIN000195
cliente397@empresa-demo.com,VIN000112
cliente547@empresa-demo.com,VIN000112
cliente108@empresa-demo.com,VIN000092
cliente475@empresa-demo.com,VIN000230
cliente670@empresa-demo.com,VIN000240
cliente451@empresa-demo.com,VIN000229
cliente299@empresa-demo.com,VIN000257
cliente511@empresa-demo.com,VIN000012
cliente218@empresa-demo.com,VIN000063
cliente555@empresa-demo.com,VIN000238
cliente417@empresa-demo.com,VIN000060
cliente607@empresa-demo.com,VIN000221
cliente420@empresa-demo.com,VIN000278
cliente480@empresa-demo.com,VIN000116
cliente246@empresa-demo.com,VIN000191
cliente438@empresa-demo.com,VIN000169
cliente771@empresa-demo.com,VIN000108
cliente458@empresa-demo.com,VIN000050
cliente287@empresa-demo.com,VIN000240
cliente494@empresa-demo.com,VIN000056
cliente74@empresa-demo.com,VIN000145
cliente137@empresa-demo.com,VIN000290
cliente551@empresa-demo.com,VIN000043
cliente78@empresa-demo.com,VIN000217
cliente47@empresa-demo.com,VIN000108
cliente573@empresa-demo.com,VIN000094
cliente160@empresa-demo.com,VIN000136
cliente104@empresa-demo.com,VIN000073
cliente121@empresa-demo.com,VIN000187
cliente638@empresa-demo.com,VIN000282
cliente153@empresa-demo.com,VIN000103
cliente298@empresa-demo.com,VIN000081
cliente238@empresa-demo.com,VIN000298
cliente615@empresa-demo.com,VIN000088
cliente676@empresa-demo.com,VIN000227
cliente400@empresa-demo.com,VIN000085
cliente452@empresa-demo.com,VIN000228
cliente200@empresa-demo.com,VIN000002
cliente593@empresa-demo.com,VIN000139
cliente562@empresa-demo.com,VIN000064
cliente533@empresa-demo.com,VIN000089
cliente500@empresa-demo.com,VIN000128
cliente276@empresa-demo.com,VIN000168
cliente149@empresa-demo.com,VIN000282
cliente359@empresa-demo.com,VIN000166
cliente436@empresa-demo.com,VIN000030
cliente412@empresa-demo.com,VIN000292
cliente537@empresa-demo.com,VIN000241
cliente324@empresa-demo.com,VIN000166
cliente342@empresa-demo.com,VIN000083
cliente800@empresa-demo.com,VIN000287
cliente717@empresa-demo.com,VIN000027
cliente131@empresa-demo.com,VIN000273
cliente764@empresa-demo.com,VIN000124
cliente751@empresa-demo.com,VIN000179
cliente89@empresa-demo.com,VIN000164
cliente800@empresa-demo.com,VIN000091
cliente459@empresa-demo.com,VIN000200
cliente289@empresa-demo.com,VIN000090
cliente468@empresa-demo.com,VIN000259
cliente260@empresa-demo.com,VIN000299
cliente798@empresa-demo.com,VIN000118
cliente550@empresa-demo.com,VIN000093
cliente82@empresa-demo.com,VIN000058
cliente154@empresa-demo.com,VIN000098
cliente565@empresa-demo.com,VIN000197
cliente184@empresa-demo.com,VIN000056
cliente370@empresa-demo.com,VIN000191
cliente636@empresa-demo.com,VIN000065
cliente355@empresa-demo.com,VIN000217
cliente550@empresa-demo.com,VIN000099
cliente783@empresa-demo.com,VIN000225
cliente774@empresa-demo.com,VIN000198
cliente576@empresa-demo.com,VIN000169
cliente524@empresa-demo.com,VIN000138
cliente786@empresa-demo.com,VIN000012
cliente549@empresa-demo.com,VIN000070
cliente250@empresa-demo.com,VIN000105
cliente92@empresa-demo.com,VIN000040
cliente257@empresa-demo.com,VIN000141
cliente452@empresa-demo.com,VIN000177
cliente609@empresa-demo.com,VIN000287
cliente751@empresa-demo.com,VIN000067
cliente684@empresa-demo.com,VIN000286
cliente290@empresa-demo.com,VIN000288
cliente698@empresa-demo.com,VIN000139
cliente315@empresa-demo.com,VIN000132
cliente769@empresa-demo.com,VIN000257
cliente379@empresa-demo.com,VIN000195
cliente177@empresa-demo.com,VIN000195
cliente506@empresa-demo.com,VIN000246
cliente28@empresa-demo.com,VIN000151
cliente350@empresa-demo.com,VIN000166
cliente516@empresa-demo.com,VIN000151
cliente161@empresa-demo.com,VIN000068
cliente786@empresa-demo.com,VIN000200
cliente345@empresa-demo.com,VIN000188
cliente597@empresa-demo.com,VIN000213
cliente429@empresa-demo.com,VIN000255
cliente584@empresa-demo.com,VIN000021
cliente620@empresa-demo.com,VIN000126
cliente318@empresa-demo.com,VIN000049
cliente371@empresa-demo.com,VIN000213
cliente573@empresa-demo.com,VIN000270
cliente341@empresa-demo.com,VIN000166
cliente185@empresa-demo.com,VIN000137
cliente560@empresa-demo.com,VIN000047
cliente318@empresa-demo.com,VIN000086
cliente389@empresa-demo.com,VIN000068
cliente121@empresa-demo.com,VIN000115
cliente284@empresa-demo.com,VIN000110
cliente595@empresa-demo.com,VIN000244
cliente557@empresa-demo.com,VIN000215
cliente657@empresa-demo.com,VIN000135
cliente341@empresa-demo.com,VIN000253
cliente595@empresa-demo.com,VIN000007
cliente750@empresa-demo.com,VIN000264
cliente139@empresa-demo.com,VIN000108
cliente242@empresa-demo.com,VIN000276
cliente719@empresa-demo.com,VIN000273
cliente584@empresa-demo.com,VIN000196
cliente727@empresa-demo.com,VIN000154
cliente211@empresa-demo.com,VIN000077
cliente581@empresa-demo.com,VIN000125
cliente591@empresa-demo.com,VIN000163
cliente790@empresa-demo.com,VIN000158
cliente785@empresa-demo.com,VIN000103
cliente209@empresa-demo.com,VIN000282
cliente213@empresa-demo.com,VIN000043
cliente111@empresa-demo.com,VIN000213
cliente12@empresa-demo.com,VIN000298
cliente443@empresa-demo.com,VIN000252
cliente605@empresa-demo.com,VIN000187
cliente288@empresa-demo.com,VIN000173
cliente254@empresa-demo.com,VIN000256
cliente132@empresa-demo.com,VIN000274
cliente234@empresa-demo.com,VIN000068
cliente326@empresa-demo.com,VIN000106
cliente585@empresa-demo.com,VIN000269
cliente544@empresa-demo.com,VIN000278
cliente81@empresa-demo.com,VIN000234
cliente248@empresa-demo.com,VIN000137
cliente390@empresa-demo.com,VIN000278
cliente154@empresa-demo.com,VIN000025
cliente38@empresa-demo.com,VIN000056
cliente687@empresa-demo.com,VIN000004
cliente569@empresa-demo.com,VIN000022
cliente651@empresa-demo.com,VIN000165
cliente110@empresa-demo.com,VIN000278
cliente88@empresa-demo.com,VIN000106
cliente732@empresa-demo.com,VIN000087
cliente138@empresa-demo.com,VIN000285
cliente15@empresa-demo.com,VIN000167
cliente709@empresa-demo.com,VIN000152
cliente405@empresa-demo.com,VIN000259
cliente730@empresa-demo.com,VIN000254
cliente383@empresa-demo.com,VIN000066
cliente221@empresa-demo.com,VIN000213
cliente223@empresa-demo.com,VIN000273
cliente152@empresa-demo.com,VIN000081
cliente756@empresa-demo.com,VIN000038
cliente108@empresa-demo.com,VIN000270
cliente734@empresa-demo.com,VIN000260
cliente146@empresa-demo.com,VIN000057
cliente790@empresa-demo.com,VIN000021
cliente464@empresa-demo.com,VIN000065
cliente401@empresa-demo.com,VIN000003
cliente462@empresa-demo.com,VIN000013
cliente652@empresa-demo.com,VIN000278
cliente399@empresa-demo.com,VIN000152
cliente797@empresa-demo.com,VIN000280
cliente64@empresa-demo.com,VIN000063
cliente623@empresa-demo.com,VIN000043
cliente33@empresa-demo.com,VIN000244
cliente609@empresa-demo.com,VIN000019
cliente731@empresa-demo.com,VIN000159
cliente694@empresa-demo.com,VIN000073
cliente99@empresa-demo.com,VIN000268
cliente35@empresa-demo.com,VIN000047
cliente252@empresa-demo.com,VIN000236
cliente171@empresa-demo.com,VIN000102
cliente743@empresa-demo.com,VIN000209
cliente386@empresa-demo.com,VIN000238
cliente27@empresa-demo.com,VIN000069
cliente471@empresa-demo.com,VIN000185
cliente323@empresa-demo.com,VIN000264
cliente487@empresa-demo.com,VIN000266
cliente673@empresa-demo.com,VIN000015
cliente725@empresa-demo.com,VIN000249
cliente609@empresa-demo.com,VIN000091
cliente273@empresa-demo.com,VIN000053
cliente15@empresa-demo.com,VIN000269
cliente575@empresa-demo.com,VIN000247
cliente786@empresa-demo.com,VIN000159
cliente395@empresa-demo.com,VIN000217
cliente694@empresa-demo.com,VIN000112
cliente577@empresa-demo.com,VIN000005
cliente248@empresa-demo.com,VIN000098
cliente212@empresa-demo.com,VIN000128
cliente160@empresa-demo.com,VIN000161
cliente197@empresa-demo.com,VIN000271
cliente604@empresa-demo.com,VIN000049
cliente598@empresa-demo.com,VIN000153
cliente680@empresa-demo.com,VIN000118
cliente615@empresa-demo.com,VIN000169
cliente475@empresa-demo.com,VIN000213
cliente341@empresa-demo.com,VIN000007
cliente129@empresa-demo.com,VIN000121
cliente326@empresa-demo.com,VIN000043
cliente693@empresa-demo.com,VIN000102
cliente539@empresa-demo.com,VIN000104
cliente397@empresa-demo.com,VIN000295
cliente333@empresa-demo.com,VIN000114
cliente705@empresa-demo.com,VIN000192
cliente203@empresa-demo.com,VIN000207
cliente586@empresa-demo.com,VIN000300
cliente553@empresa-demo.com,VIN000023
cliente569@empresa-demo.com,VIN000265
cliente657@empresa-demo.com,VIN000175
cliente610@empresa-demo.com,VIN000082
cliente218@empresa-demo.com,VIN000187
cliente555@empresa-demo.com,VIN000168
cliente337@empresa-demo.com,VIN000118
cliente797@empresa-demo.com,VIN000023
cliente670@empresa-demo.com,VIN000146
cliente746@empresa-demo.com,VIN000257
cliente793@empresa-demo.com,VIN000243
cliente686@empresa-demo.com,VIN000193
cliente164@empresa-demo.com,VIN000213
cliente639@empresa-demo.com,VIN000049
cliente685@empresa-demo.com,VIN000108
cliente228@empresa-demo.com,VIN000193
cliente667@empresa-demo.com,VIN000123
cliente341@empresa-demo.com,VIN000172
cliente188@empresa-demo.com,VIN000265
cliente189@empresa-demo.com,VIN000216
cliente259@empresa-demo.com,VIN000088
cliente174@empresa-demo.com,VIN000117
cliente587@empresa-demo.com,VIN000018
cliente145@empresa-demo.com,VIN000286
cliente734@empresa-demo.com,VIN000040
cliente270@empresa-demo.com,VIN000182
cliente682@empresa-demo.com,VIN000269
cliente486@empresa-demo.com,VIN000115
cliente795@empresa-demo.com,VIN000087
cliente174@empresa-demo.com,VIN000129
cliente383@empresa-demo.com,VIN000066
cliente414@empresa-demo.com,VIN000152
cliente461@empresa-demo.com,VIN000057
cliente47@empresa-demo.com,VIN000230
cliente315@empresa-demo.com,VIN000059
cliente742@empresa-demo.com,VIN000230
cliente662@empresa-demo.com,VIN000256
cliente257@empresa-demo.com,VIN000218
cliente615@empresa-demo.com,VIN000243
cliente299@empresa-demo.com,VIN000018
cliente441@empresa-demo.com,VIN000110
cliente188@empresa-demo.com,VIN000037
cliente530@empresa-demo.com,VIN000114
cliente323@empresa-demo.com,VIN000073
cliente552@empresa-demo.com,VIN000120
cliente237@empresa-demo.com,VIN000292
cliente422@empresa-demo.com,VIN000016
cliente66@empresa-demo.com,VIN000185
cliente663@empresa-demo.com,VIN000209
cliente610@empresa-demo.com,VIN000297
cliente565@empresa-demo.com,VIN000090
cliente394@empresa-demo.com,VIN000133
cliente553@empresa-demo.com,VIN000175
cliente129@empresa-demo.com,VIN000032
cliente746@empresa-demo.com,VIN000126
cliente182@empresa-demo.com,VIN000129
cliente517@empresa-demo.com,VIN000140
cliente628@empresa-demo.com,VIN000282
cliente662@empresa-demo.com,VIN000015
cliente720@empresa-demo.com,VIN000073
cliente158@empresa-demo.com,VIN000096
cliente151@empresa-demo.com,VIN000096
cliente327@empresa-demo.com,VIN000192
cliente511@empresa-demo.com,VIN000001
cliente395@empresa-demo.com,VIN000063
cliente557@empresa-demo.com,VIN000234
cliente462@empresa-demo.com,VIN000293
cliente469@empresa-demo.com,VIN000234
cliente657@empresa-demo.com,VIN000230
cliente716@empresa-demo.com,VIN000017
cliente505@empresa-demo.com,VIN000203
cliente320@empresa-demo.com,VIN000028
cliente87@empresa-demo.com,VIN000214
cliente113@empresa-demo.com,VIN000175
cliente605@empresa-demo.com,VIN000204
cliente604@empresa-demo.com,VIN000127
cliente340@empresa-demo.com,VIN000101
cliente42@empresa-demo.com,VIN000001
cliente422@empresa-demo.com,VIN000228
cliente673@empresa-demo.com,VIN000211
cliente384@empresa-demo.com,VIN000003
cliente11@empresa-demo.com,VIN000199
cliente331@empresa-demo.com,VIN000003
cliente692@empresa-demo.com,VIN000243
cliente99@empresa-demo.com,VIN000205
cliente542@empresa-demo.com,VIN000032
cliente218@empresa-demo.com,VIN000107
cliente438@empresa-demo.com,VIN000025
cliente676@empresa-demo.com,VIN000116
cliente368@empresa-demo.com,VIN000176
cliente682@empresa-demo.com,VIN000018
cliente499@empresa-demo.com,VIN000244
cliente223@empresa-demo.com,VIN000217
cliente34@empresa-demo.com,VIN000167
cliente233@empresa-demo.com,VIN000059
cliente278@empresa-demo.com,VIN000222
cliente555@empresa-demo.com,VIN000114
cliente699@empresa-demo.com,VIN000052
cliente497@empresa-demo.com,VIN000053
cliente790@empresa-demo.com,VIN000169
cliente403@empresa-demo.com,VIN000185
cliente533@empresa-demo.com,VIN000238
cliente209@empresa-demo.com,VIN000073
cliente261@empresa-demo.com,VIN000129
cliente610@empresa-demo.com,VIN000232
cliente719@empresa-demo.com,VIN000145
cliente418@empresa-demo.com,VIN000289
cliente130@empresa-demo.com,VIN000132
cliente530@empresa-demo.com,VIN000231
cliente254@empresa-demo.com,VIN000153
cliente85@empresa-demo.com,VIN000219
cliente650@empresa-demo.com,VIN000046
cliente32@empresa-demo.com,VIN000180
cliente344@empresa-demo.com,VIN000252
cliente485@empresa-demo.com,VIN000079
cliente486@empresa-demo.com,VIN000022
cliente695@empresa-demo.com,VIN000253
cliente12@empresa-demo.com,VIN000194
cliente03@empresa-demo.com,VIN000036
cliente313@empresa-demo.com,VIN000049
cliente612@empresa-demo.com,VIN000045
cliente490@empresa-demo.com,VIN000241
cliente139@empresa-demo.com,VIN000053
cliente22@empresa-demo.com,VIN000102
cliente388@empresa-demo.com,VIN000225
cliente25@empresa-demo.com,VIN000118
cliente303@empresa-demo.com,VIN000042
cliente715@empresa-demo.com,VIN000290
cliente340@empresa-demo.com,VIN000286
cliente673@empresa-demo.com,VIN000059
cliente620@empresa-demo.com,VIN000014
cliente305@empresa-demo.com,VIN000111
cliente99@empresa-demo.com,VIN000195
cliente706@empresa-demo.com,VIN000058
cliente726@empresa-demo.com,VIN000229
cliente321@empresa-demo.com,VIN000095
cliente608@empresa-demo.com,VIN000240
cliente607@empresa-demo.com,VIN000024
cliente170@empresa-demo.com,VIN000143
cliente700@empresa-demo.com,VIN000162
cliente520@empresa-demo.com,VIN000285
cliente272@empresa-demo.com,VIN000222
cliente412@empresa-demo.com,VIN000063
cliente197@empresa-demo.com,VIN000065
cliente605@empresa-demo.com,VIN000216
cliente210@empresa-demo.com,VIN000231
cliente428@empresa-demo.com,VIN000093
cliente774@empresa-demo.com,VIN000145
cliente141@empresa-demo.com,VIN000094
cliente339@empresa-demo.com,VIN000291
cliente302@empresa-demo.com,VIN000287
cliente08@empresa-demo.com,VIN000276
cliente522@empresa-demo.com,VIN000001
cliente395@empresa-demo.com,VIN000252
cliente35@empresa-demo.com,VIN000195
cliente290@empresa-demo.com,VIN000022
cliente53@empresa-demo.com,VIN000195
cliente322@empresa-demo.com,VIN000024
cliente737@empresa-demo.com,VIN000217
cliente421@empresa-demo.com,VIN000280
cliente751@empresa-demo.com,VIN000055
cliente679@empresa-demo.com,VIN000030
cliente232@empresa-demo.com,VIN000251
cliente15@empresa-demo.com,VIN000133
cliente746@empresa-demo.com,VIN000035
cliente637@empresa-demo.com,VIN000152
cliente656@empresa-demo.com,VIN000144
cliente700@empresa-demo.com,VIN000002
cliente281@empresa-demo.com,VIN000013
cliente778@empresa-demo.com,VIN000185
cliente59@empresa-demo.com,VIN000142
cliente115@empresa-demo.com,VIN000292
cliente511@empresa-demo.com,VIN000039
cliente298@empresa-demo.com,VIN000283
cliente02@empresa-demo.com,VIN000137
cliente312@empresa-demo.com,VIN000044
cliente704@empresa-demo.com,VIN000186
cliente607@empresa-demo.com,VIN000212
cliente358@empresa-demo.com,VIN000121
cliente156@empresa-demo.com,VIN000086
cliente239@empresa-demo.com,VIN000103
cliente123@empresa-demo.com,VIN000100
cliente514@empresa-demo.com,VIN000035
cliente523@empresa-demo.com,VIN000182
cliente609@empresa-demo.com,VIN000060
cliente281@empresa-demo.com,VIN000282
cliente569@empresa-demo.com,VIN000219
cliente702@empresa-demo.com,VIN000080
cliente220@empresa-demo.com,VIN000201
cliente327@empresa-demo.com,VIN000259
cliente133@empresa-demo.com,VIN000058
cliente396@empresa-demo.com,VIN000266
cliente388@empresa-demo.com,VIN000094
cliente117@empresa-demo.com,VIN000039
cliente332@empresa-demo.com,VIN000238
cliente120@empresa-demo.com,VIN000012
cliente144@empresa-demo.com,VIN000081
cliente524@empresa-demo.com,VIN000294
cliente200@empresa-demo.com,VIN000195
cliente800@empresa-demo.com,VIN000224
cliente631@empresa-demo.com,VIN000226
cliente630@empresa-demo.com,VIN000104
cliente288@empresa-demo.com,VIN000060
cliente175@empresa-demo.com,VIN000296
cliente703@empresa-demo.com,VIN000166
cliente531@empresa-demo.com,VIN000111
cliente655@empresa-demo.com,VIN000214
cliente398@empresa-demo.com,VIN000057
cliente529@empresa-demo.com,VIN000164
cliente136@empresa-demo.com,VIN000270
cliente477@empresa-demo.com,VIN000237
cliente433@empresa-demo.com,VIN000221
cliente387@empresa-demo.com,VIN000054
cliente364@empresa-demo.com,VIN000294
cliente39@empresa-demo.com,VIN000257
cliente457@empresa-demo.com,VIN000140
cliente272@empresa-demo.com,VIN000295
cliente350@empresa-demo.com,VIN000108
cliente341@empresa-demo.com,VIN000199
cliente659@empresa-demo.com,VIN000050
cliente287@empresa-demo.com,VIN000019
cliente238@empresa-demo.com,VIN000299
cliente293@empresa-demo.com,VIN000240
cliente42@empresa-demo.com,VIN000024
cliente251@empresa-demo.com,VIN000180
cliente787@empresa-demo.com,VIN000163
cliente320@empresa-demo.com,VIN000051
cliente19@empresa-demo.com,VIN000122
cliente93@empresa-demo.com,VIN000107
cliente569@empresa-demo.com,VIN000259
cliente357@empresa-demo.com,VIN000155
cliente18@empresa-demo.com,VIN000237
cliente256@empresa-demo.com,VIN000053
cliente365@empresa-demo.com,VIN000155
cliente254@empresa-demo.com,VIN000272
cliente279@empresa-demo.com,VIN000251
cliente496@empresa-demo.com,VIN000143
cliente371@empresa-demo.com,VIN000081
cliente172@empresa-demo.com,VIN000070
cliente653@empresa-demo.com,VIN000179
cliente279@empresa-demo.com,VIN000225
cliente597@empresa-demo.com,VIN000179
cliente184@empresa-demo.com,VIN000216
cliente204@empresa-demo.com,VIN000025
cliente786@empresa-demo.com,VIN000024
cliente462@empresa-demo.com,VIN000049
cliente678@empresa-demo.com,VIN000125
cliente10@empresa-demo.com,VIN000226
cliente510@empresa-demo.com,VIN000183
cliente800@empresa-demo.com,VIN000104
cliente352@empresa-demo.com,VIN000212
cliente360@empresa-demo.com,VIN000007
cliente455@empresa-demo.com,VIN000023
cliente257@empresa-demo.com,VIN000218
cliente616@empresa-demo.com,VIN000238
cliente356@empresa-demo.com,VIN000229
cliente539@empresa-demo.com,VIN000086
cliente490@empresa-demo.com,VIN000176
cliente396@empresa-demo.com,VIN000065
cliente713@empresa-demo.com,VIN000238
cliente792@empresa-demo.com,VIN000188
cliente170@empresa-demo.com,VIN000122
cliente527@empresa-demo.com,VIN000101
cliente157@empresa-demo.com,VIN000116
cliente157@empresa-demo.com,VIN000170
cliente181@empresa-demo.com,VIN000114
cliente159@empresa-demo.com,VIN000254
cliente628@empresa-demo.com,VIN000230
cliente89@empresa-demo.com,VIN000043
cliente19@empresa-demo.com,VIN000269
cliente352@empresa-demo.com,VIN000080
cliente477@empresa-demo.com,VIN000185
cliente155@empresa-demo.com,VIN000145
cliente590@empresa-demo.com,VIN000014
cliente480@empresa-demo.com,VIN000133
cliente470@empresa-demo.com,VIN000172
cliente36@empresa-demo.com,VIN000086
cliente617@empresa-demo.com,VIN000039
cliente230@empresa-demo.com,VIN000017
cliente183@empresa-demo.com,VIN000215
cliente724@empresa-demo.com,VIN000098
cliente233@empresa-demo.com,VIN000045
cliente800@empresa-demo.com,VIN000032
cliente06@empresa-demo.com,VIN000027
cliente124@empresa-demo.com,VIN000289
cliente582@empresa-demo.com,VIN000092
cliente503@empresa-demo.com,VIN000128
cliente741@empresa-demo.com,VIN000056
cliente653@empresa-demo.com,VIN000188
cliente224@empresa-demo.com,VIN000153
cliente761@empresa-demo.com,VIN000054
cliente01@empresa-demo.com,VIN000135
cliente43@empresa-demo.com,VIN000100
cliente329@empresa-demo.com,VIN000259
cliente111@empresa-demo.com,VIN000107
cliente615@empresa-demo.com,VIN000234
cliente534@empresa-demo.com,VIN000052
cliente280@empresa-demo.com,VIN000056
cliente202@empresa-demo.com,VIN000080
cliente621@empresa-demo.com,VIN000009
cliente483@empresa-demo.com,VIN000243
cliente473@empresa-demo.com,VIN000148
cliente595@empresa-demo.com,VIN000018
cliente71@empresa-demo.com,VIN000151
cliente358@empresa-demo.com,VIN000299
cliente316@empresa-demo.com,VIN000151
cliente764@empresa-demo.com,VIN000063
cliente631@empresa-demo.com,VIN000138
cliente737@empresa-demo.com,VIN000016
cliente229@empresa-demo.com,VIN000041
cliente495@empresa-demo.com,VIN000005
cliente376@empresa-demo.com,VIN000183
cliente314@empresa-demo.com,VIN000115
cliente447@empresa-demo.com,VIN000007
cliente288@empresa-demo.com,VIN000033
cliente596@empresa-demo.com,VIN000185
cliente293@empresa-demo.com,VIN000291
cliente615@empresa-demo.com,VIN000296
cliente152@empresa-demo.com,VIN000284
cliente594@empresa-demo.com,VIN000180
cliente793@empresa-demo.com,VIN000262
cliente190@empresa-demo.com,VIN000168
cliente14@empresa-demo.com,VIN000094
cliente484@empresa-demo.com,VIN000189
cliente444@empresa-demo.com,VIN000217
cliente444@empresa-demo.com,VIN000144
cliente108@empresa-demo.com,VIN000247
cliente792@empresa-demo.com,VIN000069
cliente787@empresa-demo.com,VIN000073
cliente60@empresa-demo.com,VIN000056
cliente583@empresa-demo.com,VIN000126
cliente458@empresa-demo.com,VIN000263
cliente278@empresa-demo.com,VIN000217
cliente334@empresa-demo.com,VIN000095
cliente301@empresa-demo.com,VIN000261
cliente435@empresa-demo.com,VIN000151
cliente285@empresa-demo.com,VIN000161
cliente773@empresa-demo.com,VIN000064
cliente436@empresa-demo.com,VIN000082
cliente86@empresa-demo.com,VIN000297
cliente688@empresa-demo.com,VIN000189
cliente299@empresa-demo.com,VIN000129
cliente73@empresa-demo.com,VIN000167
cliente788@empresa-demo.com,VIN000203
cliente279@empresa-demo.com,VIN000010
cliente44@empresa-demo.com,VIN000063
cliente613@empresa-demo.com,VIN000292
cliente731@empresa-demo.com,VIN000254
cliente364@empresa-demo.com,VIN000106
cliente554@empresa-demo.com,VIN000004
cliente565@empresa-demo.com,VIN000182
cliente118@empresa-demo.com,VIN000075
cliente359@empresa-demo.com,VIN000081
cliente589@empresa-demo.com,VIN000298
cliente755@empresa-demo.com,VIN000260
cliente761@empresa-demo.com,VIN000173
cliente596@empresa-demo.com,VIN000015
cliente717@empresa-demo.com,VIN000153
cliente718@empresa-demo.com,VIN000298
cliente89@empresa-demo.com,VIN000294
cliente316@empresa-demo.com,VIN000010
cliente523@empresa-demo.com,VIN000188
cliente703@empresa-demo.com,VIN000166
cliente341@empresa-demo.com,VIN000167
cliente474@empresa-demo.com,VIN000040
cliente602@empresa-demo.com,VIN000183
cliente471@empresa-demo.com,VIN000282
cliente168@empresa-demo.com,VIN000260
cliente139@empresa-demo.com,VIN000106
cliente562@empresa-demo.com,VIN000129
cliente496@empresa-demo.com,VIN000264
cliente635@empresa-demo.com,VIN000126
cliente90@empresa-demo.com,VIN000080
cliente225@empresa-demo.com,VIN000077
cliente765@empresa-demo.com,VIN000276
cliente20@empresa-demo.com,VIN000051
cliente21@empresa-demo.com,VIN000157
cliente22@empresa-demo.com,VIN000290
cliente377@empresa-demo.com,VIN000282
cliente611@empresa-demo.com,VIN000012
cliente535@empresa-demo.com,VIN000106
cliente601@empresa-demo.com,VIN000192
cliente342@empresa-demo.com,VIN000196
cliente310@empresa-demo.com,VIN000117
cliente351@empresa-demo.com,VIN000021
cliente19@empresa-demo.com,VIN000016
cliente784@empresa-demo.com,VIN000026
cliente233@empresa-demo.com,VIN000164
cliente698@empresa-demo.com,VIN000168
cliente547@empresa-demo.com,VIN000060
cliente541@empresa-demo.com,VIN000034
cliente305@empresa-demo.com,VIN000084
cliente120@empresa-demo.com,VIN000236
cliente267@empresa-demo.com,VIN000228
cliente760@empresa-demo.com,VIN000275
cliente467@empresa-demo.com,VIN000096
cliente471@empresa-demo.com,VIN000088
cliente677@empresa-demo.com,VIN000189
cliente504@empresa-demo.com,VIN000157
cliente270@empresa-demo.com,VIN000254
cliente119@empresa-demo.com,VIN000210
cliente684@empresa-demo.com,VIN000120
cliente345@empresa-demo.com,VIN000083
cliente79@empresa-demo.com,VIN000297
cliente743@empresa-demo.com,VIN000064
cliente208@empresa-demo.com,VIN000261
cliente370@empresa-demo.com,VIN000107
cliente671@empresa-demo.com,VIN000103
cliente538@empresa-demo.com,VIN000031
cliente583@empresa-demo.com,VIN000162
cliente579@empresa-demo.com,VIN000080
cliente435@empresa-demo.com,VIN000131
cliente207@empresa-demo.com,VIN000069
cliente155@empresa-demo.com,VIN000034
cliente481@empresa-demo.com,VIN000101
cliente573@empresa-demo.com,VIN000081
cliente168@empresa-demo.com,VIN000158
cliente281@empresa-demo.com,VIN000299
cliente302@empresa-demo.com,VIN000069
cliente699@empresa-demo.com,VIN000236
cliente151@empresa-demo.com,VIN000151
cliente133@empresa-demo.com,VIN000240
cliente578@empresa-demo.com,VIN000130
cliente41@empresa-demo.com,VIN000115
cliente400@empresa-demo.com,VIN000227
cliente294@empresa-demo.com,VIN000251
cliente156@empresa-demo.com,VIN000229
cliente238@empresa-demo.com,VIN000125
cliente468@empresa-demo.com,VIN000134
cliente759@empresa-demo.com,VIN000186
cliente600@empresa-demo.com,VIN000261
cliente142@empresa-demo.com,VIN000207
cliente424@empresa-demo.com,VIN000248
cliente537@empresa-demo.com,VIN000113
cliente182@empresa-demo.com,VIN000216
cliente218@empresa-demo.com,VIN000288
cliente447@empresa-demo.com,VIN000215
cliente448@empresa-demo.com,VIN000156
cliente688@empresa-demo.com,VIN000036
cliente542@empresa-demo.com,VIN000132
cliente431@empresa-demo.com,VIN000007
cliente326@empresa-demo.com,VIN000054
cliente619@empresa-demo.com,VIN000059
cliente403@empresa-demo.com,VIN000088
cliente380@empresa-demo.com,VIN000068
cliente216@empresa-demo.com,VIN000206
cliente384@empresa-demo.com,VIN000272
cliente305@empresa-demo.com,VIN000042
cliente11@empresa-demo.com,VIN000265
cliente776@empresa-demo.com,VIN000020
cliente308@empresa-demo.com,VIN000161
cliente760@empresa-demo.com,VIN000164
cliente756@empresa-demo.com,VIN000040
cliente477@empresa-demo.com,VIN000168
cliente228@empresa-demo.com,VIN000061
cliente297@empresa-demo.com,VIN000162
cliente556@empresa-demo.com,VIN000057
cliente03@empresa-demo.com,VIN000031
cliente691@empresa-demo.com,VIN000103
cliente654@empresa-demo.com,VIN000029
cliente666@empresa-demo.com,VIN000255
cliente249@empresa-demo.com,VIN000251
cliente159@empresa-demo.com,VIN000069
cliente784@empresa-demo.com,VIN000194
cliente455@empresa-demo.com,VIN000294
cliente322@empresa-demo.com,VIN000182
cliente207@empresa-demo.com,VIN000138
cliente451@empresa-demo.com,VIN000172
cliente202@empresa-demo.com,VIN000010
cliente345@empresa-demo.com,VIN000137
cliente320@empresa-demo.com,VIN000138
cliente632@empresa-demo.com,VIN000214
cliente699@empresa-demo.com,VIN000161
cliente250@empresa-demo.com,VIN000042
cliente697@empresa-demo.com,VIN000295
cliente716@empresa-demo.com,VIN000257
cliente453@empresa-demo.com,VIN000179
cliente183@empresa-demo.com,VIN000182
cliente250@empresa-demo.com,VIN000185
cliente506@empresa-demo.com,VIN000074
cliente80@empresa-demo.com,VIN000118
cliente102@empresa-demo.com,VIN000156
cliente203@empresa-demo.com,VIN000080
cliente616@empresa-demo.com,VIN000023
cliente311@empresa-demo.com,VIN000209
cliente178@empresa-demo.com,VIN000220
cliente491@empresa-demo.com,VIN000202
cliente472@empresa-demo.com,VIN000299
cliente787@empresa-demo.com,VIN000102
cliente394@empresa-demo.com,VIN000244
cliente164@empresa-demo.com,VIN000271
cliente315@empresa-demo.com,VIN000183
cliente465@empresa-demo.com,VIN000224
cliente145@empresa-demo.com,VIN000158
cliente182@empresa-demo.com,VIN000255
cliente795@empresa-demo.com,VIN000290
cliente412@empresa-demo.com,VIN000123
cliente240@empresa-demo.com,VIN000102
cliente620@empresa-demo.com,VIN000222
cliente179@empresa-demo.com,VIN000025
cliente207@empresa-demo.com,VIN000122
cliente100@empresa-demo.com,VIN000278
cliente265@empresa-demo.com,VIN000187
cliente342@empresa-demo.com,VIN000125
cliente744@empresa-demo.com,VIN000266
cliente557@empresa-demo.com,VIN000199
cliente214@empresa-demo.com,VIN000263
cliente774@empresa-demo.com,VIN000114
cliente627@empresa-demo.com,VIN000176
cliente258@empresa-demo.com,VIN000038
cliente280@empresa-demo.com,VIN000214
cliente577@empresa-demo.com,VIN000253
cliente575@empresa-demo.com,VIN000093
cliente61@empresa-demo.com,VIN000180
cliente185@empresa-demo.com,VIN000199
cliente466@empresa-demo.com,VIN000188
cliente616@empresa-demo.com,VIN000133
cliente236@empresa-demo.com,VIN000171
cliente767@empresa-demo.com,VIN000028
cliente766@empresa-demo.com,VIN000001
cliente495@empresa-demo.com,VIN000137
cliente66@empresa-demo.com,VIN000065
cliente374@empresa-demo.com,VIN000208
cliente219@empresa-demo.com,VIN000061
cliente65@empresa-demo.com,VIN000118
cliente648@empresa-demo.com,VIN000282
cliente68@empresa-demo.com,VIN000295
cliente376@empresa-demo.com,VIN000271
cliente494@empresa-demo.com,VIN000111
cliente489@empresa-demo.com,VIN000249
cliente22@empresa-demo.com,VIN000245
cliente401@empresa-demo.com,VIN000222
cliente663@empresa-demo.com,VIN000027
cliente711@empresa-demo.com,VIN000056
cliente723@empresa-demo.com,VIN000259
cliente671@empresa-demo.com,VIN000238
cliente764@empresa-demo.com,VIN000100
cliente646@empresa-demo.com,VIN000002
cliente169@empresa-demo.com,VIN000039
cliente776@empresa-demo.com,VIN000033
cliente302@empresa-demo.com,VIN000135
cliente640@empresa-demo.com,VIN000149
cliente672@empresa-demo.com,VIN000134
cliente717@empresa-demo.com,VIN000054
cliente95@empresa-demo.com,VIN000263
cliente51@empresa-demo.com,VIN000169
cliente456@empresa-demo.com,VIN000294
cliente510@empresa-demo.com,VIN000135
cliente273@empresa-demo.com,VIN000188
cliente51@empresa-demo.com,VIN000094
cliente457@empresa-demo.com,VIN000214
cliente581@empresa-demo.com,VIN000245
cliente678@empresa-demo.com,VIN000237
cliente21@empresa-demo.com,VIN000169
cliente724@empresa-demo.com,VIN000290
cliente569@empresa-demo.com,VIN000040
cliente465@empresa-demo.com,VIN000011
cliente358@empresa-demo.com,VIN000098
cliente17@empresa-demo.com,VIN000265
cliente526@empresa-demo.com,VIN000211
cliente103@empresa-demo.com,VIN000033
cliente471@empresa-demo.com,VIN000098
cliente212@empresa-demo.com,VIN000281
cliente518@empresa-demo.com,VIN000237
cliente170@empresa-demo.com,VIN000100
cliente779@empresa-demo.com,VIN000144
cliente294@empresa-demo.com,VIN000128
cliente220@empresa-demo.com,VIN000030
cliente160@empresa-demo.com,VIN000035
cliente717@empresa-demo.com,VIN000125
cliente763@empresa-demo.com,VIN000296
cliente123@empresa-demo.com,VIN000090
cliente478@empresa-demo.com,VIN000130
cliente729@empresa-demo.com,VIN000289
cliente28@empresa-demo.com,VIN000021
cliente327@empresa-demo.com,VIN000152
cliente441@empresa-demo.com,VIN000104
cliente274@empresa-demo.com,VIN000196
cliente415@empresa-demo.com,VIN000139
cliente149@empresa-demo.com,VIN000237
cliente280@empresa-demo.com,VIN000148
cliente622@empresa-demo.com,VIN000066
cliente560@empresa-demo.com,VIN000235
cliente114@empresa-demo.com,VIN000203
cliente737@empresa-demo.com,VIN000177
cliente458@empresa-demo.com,VIN000030
cliente611@empresa-demo.com,VIN000291
cliente763@empresa-demo.com,VIN000193
cliente266@empresa-demo.com,VIN000278
cliente276@empresa-demo.com,VIN000282
cliente230@empresa-demo.com,VIN000237
cliente646@empresa-demo.com,VIN000185
cliente237@empresa-demo.com,VIN000263
cliente385@empresa-demo.com,VIN000023
cliente591@empresa-demo.com,VIN000105
cliente729@empresa-demo.com,VIN000146
cliente528@empresa-demo.com,VIN000116
cliente505@empresa-demo.com,VIN000018
cliente779@empresa-demo.com,VIN000170
cliente788@empresa-demo.com,VIN000174
cliente732@empresa-demo.com,VIN000147
cliente170@empresa-demo.com,VIN000044
cliente594@empresa-demo.com,VIN000210
cliente614@empresa-demo.com,VIN000059
cliente555@empresa-demo.com,VIN000237
cliente725@empresa-demo.com,VIN000234
cliente148@empresa-demo.com,VIN000249
cliente407@empresa-demo.com,VIN000021
cliente214@empresa-demo.com,VIN000292
cliente128@empresa-demo.com,VIN000037
cliente263@empresa-demo.com,VIN000111
cliente383@empresa-demo.com,VIN000271
cliente38@empresa-demo.com,VIN000089
cliente551@empresa-demo.com,VIN000161
cliente476@empresa-demo.com,VIN000166
cliente367@empresa-demo.com,VIN000252
cliente72@empresa-demo.com,VIN000031
cliente777@empresa-demo.com,VIN000024
cliente237@empresa-demo.com,VIN000286
cliente201@empresa-demo.com,VIN000296
cliente468@empresa-demo.com,VIN000094
cliente600@empresa-demo.com,VIN000007
cliente106@empresa-demo.com,VIN000289
cliente135@empresa-demo.com,VIN000269
cliente297@empresa-demo.com,VIN000276
cliente430@empresa-demo.com,VIN000099
cliente557@empresa-demo.com,VIN000092
cliente435@empresa-demo.com,VIN000023
cliente336@empresa-demo.com,VIN000150
cliente87@empresa-demo.com,VIN000053
cliente777@empresa-demo.com,VIN000159
cliente176@empresa-demo.com,VIN000147
cliente280@empresa-demo.com,VIN000212
cliente04@empresa-demo.com,VIN000132
cliente664@empresa-demo.com,VIN000156
cliente49@empresa-demo.com,VIN000015
cliente732@empresa-demo.com,VIN000231
cliente28@empresa-demo.com,VIN000059
cliente430@empresa-demo.com,VIN000293
cliente356@empresa-demo.com,VIN000038
cliente411@empresa-demo.com,VIN000300
cliente615@empresa-demo.com,VIN000068
cliente199@empresa-demo.com,VIN000282
cliente611@empresa-demo.com,VIN000011
cliente547@empresa-demo.com,VIN000085
cliente37@empresa-demo.com,VIN000155
cliente406@empresa-demo.com,VIN000083
cliente740@empresa-demo.com,VIN000167
cliente482@empresa-demo.com,VIN000175
cliente378@empresa-demo.com,VIN000226
cliente601@empresa-demo.com,VIN000051
cliente684@empresa-demo.com,VIN000124
cliente471@empresa-demo.com,VIN000134
cliente732@empresa-demo.com,VIN000249
cliente645@empresa-demo.com,VIN000195
cliente794@empresa-demo.com,VIN000237
cliente482@empresa-demo.com,VIN000148
cliente08@empresa-demo.com,VIN000102
cliente312@empresa-demo.com,VIN000017
cliente635@empresa-demo.com,VIN000244
cliente596@empresa-demo.com,VIN000277
cliente527@empresa-demo.com,VIN000024
cliente488@empresa-demo.com,VIN000171
cliente184@empresa-demo.com,VIN000023
cliente603@empresa-demo.com,VIN000004
cliente421@empresa-demo.com,VIN000166
cliente372@empresa-demo.com,VIN000208
cliente230@empresa-demo.com,VIN000034
cliente410@empresa-demo.com,VIN000187
cliente438@empresa-demo.com,VIN000138
cliente276@empresa-demo.com,VIN000229
cliente375@empresa-demo.com,VIN000276
cliente435@empresa-demo.com,VIN000204
cliente334@empresa-demo.com,VIN000062
cliente423@empresa-demo.com,VIN000130
cliente233@empresa-demo.com,VIN000132
cliente407@empresa-demo.com,VIN000211
cliente80@empresa-demo.com,VIN000122
cliente549@empresa-demo.com,VIN000059
cliente632@empresa-demo.com,VIN000022
cliente568@empresa-demo.com,VIN000084
cliente260@empresa-demo.com,VIN000111
cliente303@empresa-demo.com,VIN000261
cliente11@empresa-demo.com,VIN000052
cliente475@empresa-demo.com,VIN000173
cliente70@empresa-demo.com,VIN000184
cliente448@empresa-demo.com,VIN000029
cliente422@empresa-demo.com,VIN000164
cliente194@empresa-demo.com,VIN000253
cliente117@empresa-demo.com,VIN000107
cliente55@empresa-demo.com,VIN000256
cliente730@empresa-demo.com,VIN000284
cliente706@empresa-demo.com,VIN000271
cliente423@empresa-demo.com,VIN000006
cliente113@empresa-demo.com,VIN000281
cliente211@empresa-demo.com,VIN000176
cliente302@empresa-demo.com,VIN000198
cliente20@empresa-demo.com,VIN000220
cliente719@empresa-demo.com,VIN000143
cliente554@empresa-demo.com,VIN000190
cliente589@empresa-demo.com,VIN000179
cliente555@empresa-demo.com,VIN000246
cliente685@empresa-demo.com,VIN000131
cliente663@empresa-demo.com,VIN000211
cliente484@empresa-demo.com,VIN000080
cliente284@empresa-demo.com,VIN000095
cliente335@empresa-demo.com,VIN000028
cliente250@empresa-demo.com,VIN000109
cliente617@empresa-demo.com,VIN000243
cliente80@empresa-demo.com,VIN000137
cliente305@empresa-demo.com,VIN000170
cliente244@empresa-demo.com,VIN000193
cliente530@empresa-demo.com,VIN000132
cliente625@empresa-demo.com,VIN000053
cliente344@empresa-demo.com,VIN000090
cliente783@empresa-demo.com,VIN000155
cliente679@empresa-demo.com,VIN000287
cliente416@empresa-demo.com,VIN000185
cliente513@empresa-demo.com,VIN000167
cliente20@empresa-demo.com,VIN000125
cliente431@empresa-demo.com,VIN000067
cliente159@empresa-demo.com,VIN000187
cliente787@empresa-demo.com,VIN000282
cliente119@empresa-demo.com,VIN000217
cliente66@empresa-demo.com,VIN000209
cliente777@empresa-demo.com,VIN000074
cliente651@empresa-demo.com,VIN000263
cliente457@empresa-demo.com,VIN000083
cliente377@empresa-demo.com,VIN000270
cliente601@empresa-demo.com,VIN000069
cliente304@empresa-demo.com,VIN000035
cliente424@empresa-demo.com,VIN000258
cliente669@empresa-demo.com,VIN000282
cliente579@empresa-demo.com,VIN000160
cliente257@empresa-demo.com,VIN000074
cliente620@empresa-demo.com,VIN000217
cliente759@empresa-demo.com,VIN000001
cliente667@empresa-demo.com,VIN000242
cliente136@empresa-demo.com,VIN000052
cliente62@empresa-demo.com,VIN000018
cliente578@empresa-demo.com,VIN000255
cliente237@empresa-demo.com,VIN000275
cliente675@empresa-demo.com,VIN000192
cliente575@empresa-demo.com,VIN000154
cliente568@empresa-demo.com,VIN000096
cliente72@empresa-demo.com,VIN000128
cliente123@empresa-demo.com,VIN000213
cliente800@empresa-demo.com,VIN000208
cliente484@empresa-demo.com,VIN000249
cliente368@empresa-demo.com,VIN000029
cliente242@empresa-demo.com,VIN000084
cliente588@empresa-demo.com,VIN000196
cliente594@empresa-demo.com,VIN000265
cliente333@empresa-demo.com,VIN000120
cliente307@empresa-demo.com,VIN000172
cliente603@empresa-demo.com,VIN000119
cliente478@empresa-demo.com,VIN000164
cliente187@empresa-demo.com,VIN000002
cliente702@empresa-demo.com,VIN000192
cliente323@empresa-demo.com,VIN000117
cliente228@empresa-demo.com,VIN000294
cliente764@empresa-demo.com,VIN000088
cliente127@empresa-demo.com,VIN000259
cliente37@empresa-demo.com,VIN000014
cliente50@empresa-demo.com,VIN000272
cliente710@empresa-demo.com,VIN000252
cliente793@empresa-demo.com,VIN000133
cliente448@empresa-demo.com,VIN000071
cliente660@empresa-demo.com,VIN000043
cliente82@empresa-demo.com,VIN000279
cliente25@empresa-demo.com,VIN000277
cliente668@empresa-demo.com,VIN000232
cliente490@empresa-demo.com,VIN000022
cliente751@empresa-demo.com,VIN000012
cliente257@empresa-demo.com,VIN000198
cliente226@empresa-demo.com,VIN000281
cliente82@empresa-demo.com,VIN000049
cliente401@empresa-demo.com,VIN000110
cliente640@empresa-demo.com,VIN000106
cliente261@empresa-demo.com,VIN000286
cliente90@empresa-demo.com,VIN000136
cliente128@empresa-demo.com,VIN000090
cliente635@empresa-demo.com,VIN000155
cliente725@empresa-demo.com,VIN000151
cliente83@empresa-demo.com,VIN000021
cliente39@empresa-demo.com,VIN000278
cliente415@empresa-demo.com,VIN000300
cliente782@empresa-demo.com,VIN000065
cliente540@empresa-demo.com,VIN000212
cliente455@empresa-demo.com,VIN000166
cliente466@empresa-demo.com,VIN000145
cliente09@empresa-demo.com,VIN000055
cliente55@empresa-demo.com,VIN000045
cliente709@empresa-demo.com,VIN000053
cliente388@empresa-demo.com,VIN000289
cliente396@empresa-demo.com,VIN000133
cliente531@empresa-demo.com,VIN000224
cliente348@empresa-demo.com,VIN000300
cliente92@empresa-demo.com,VIN000084
cliente344@empresa-demo.com,VIN000146
cliente387@empresa-demo.com,VIN000282
cliente329@empresa-demo.com,VIN000279
cliente202@empresa-demo.com,VIN000177
cliente669@empresa-demo.com,VIN000228
cliente553@empresa-demo.com,VIN000220
cliente222@empresa-demo.com,VIN000023
cliente53@empresa-demo.com,VIN000265
cliente197@empresa-demo.com,VIN000049
cliente71@empresa-demo.com,VIN000066
cliente212@empresa-demo.com,VIN000076
cliente496@empresa-demo.com,VIN000143
cliente167@empresa-demo.com,VIN000164
cliente497@empresa-demo.com,VIN000022
cliente694@empresa-demo.com,VIN000142
cliente290@empresa-demo.com,VIN000155
cliente631@empresa-demo.com,VIN000065
cliente698@empresa-demo.com,VIN000010
cliente276@empresa-demo.com,VIN000139
cliente511@empresa-demo.com,VIN000142
cliente55@empresa-demo.com,VIN000129
cliente453@empresa-demo.com,VIN000129
cliente179@empresa-demo.com,VIN000041
cliente144@empresa-demo.com,VIN000194
cliente514@empresa-demo.com,VIN000271
cliente57@empresa-demo.com,VIN000198
cliente636@empresa-demo.com,VIN000038
cliente488@empresa-demo.com,VIN000202
cliente99@empresa-demo.com,VIN000088
cliente713@empresa-demo.com,VIN000213
cliente493@empresa-demo.com,VIN000077
cliente754@empresa-demo.com,VIN000001
cliente511@empresa-demo.com,VIN000218
cliente140@empresa-demo.com,VIN000191
cliente07@empresa-demo.com,VIN000018
cliente67@empresa-demo.com,VIN000128
cliente264@empresa-demo.com,VIN000080
cliente167@empresa-demo.com,VIN000023
cliente450@empresa-demo.com,VIN000081
cliente263@empresa-demo.com,VIN000167
cliente686@empresa-demo.com,VIN000131
cliente737@empresa-demo.com,VIN000224
cliente505@empresa-demo.com,VIN000099
cliente689@empresa-demo.com,VIN000100
cliente717@empresa-demo.com,VIN000216
cliente304@empresa-demo.com,VIN000282
cliente668@empresa-demo.com,VIN000262
cliente209@empresa-demo.com,VIN000158
cliente507@empresa-demo.com,VIN000013
cliente238@empresa-demo.com,VIN000008
cliente446@empresa-demo.com,VIN000075
cliente795@empresa-demo.com,VIN000071
cliente222@empresa-demo.com,VIN000087
cliente417@empresa-demo.com,VIN000287
cliente361@empresa-demo.com,VIN000002
cliente735@empresa-demo.com,VIN000117
cliente439@empresa-demo.com,VIN000240
cliente435@empresa-demo.com,VIN000229
cliente745@empresa-demo.com,VIN000118
cliente626@empresa-demo.com,VIN000071
cliente146@empresa-demo.com,VIN000257
cliente796@empresa-demo.com,VIN000013
cliente545@empresa-demo.com,VIN000258
cliente580@empresa-demo.com,VIN000260
cliente346@empresa-demo.com,VIN000061
cliente118@empresa-demo.com,VIN000146
cliente118@empresa-demo.com,VIN000171
cliente621@empresa-demo.com,VIN000205
cliente454@empresa-demo.com,VIN000163
cliente331@empresa-demo.com,VIN000106
cliente36@empresa-demo.com,VIN000263
cliente285@empresa-demo.com,VIN000278
cliente296@empresa-demo.com,VIN000005
cliente677@empresa-demo.com,VIN000296
cliente681@empresa-demo.com,VIN000254
cliente622@empresa-demo.com,VIN000051
cliente511@empresa-demo.com,VIN000219
cliente513@empresa-demo.com,VIN000091
cliente249@empresa-demo.com,VIN000224
cliente591@empresa-demo.com,VIN000240
cliente553@empresa-demo.com,VIN000071
cliente504@empresa-demo.com,VIN000089
cliente748@empresa-demo.com,VIN000164
cliente668@empresa-demo.com,VIN000164
cliente684@empresa-demo.com,VIN000014
cliente632@empresa-demo.com,VIN000164
cliente400@empresa-demo.com,VIN000124
cliente39@empresa-demo.com,VIN000287
cliente783@empresa-demo.com,VIN000036
cliente589@empresa-demo.com,VIN000211
cliente436@empresa-demo.com,VIN000068
cliente202@empresa-demo.com,VIN000273
cliente738@empresa-demo.com,VIN000112
cliente180@empresa-demo.com,VIN000300
cliente704@empresa-demo.com,VIN000019
cliente569@empresa-demo.com,VIN000034
cliente52@empresa-demo.com,VIN000052
cliente522@empresa-demo.com,VIN000222
cliente61@empresa-demo.com,VIN000213
cliente463@empresa-demo.com,VIN000182
cliente638@empresa-demo.com,VIN000252
cliente446@empresa-demo.com,VIN000245
cliente778@empresa-demo.com,VIN000043
cliente321@empresa-demo.com,VIN000075
cliente25@empresa-demo.com,VIN000044
cliente94@empresa-demo.com,VIN000058
cliente138@empresa-demo.com,VIN000018
cliente492@empresa-demo.com,VIN000071
cliente551@empresa-demo.com,VIN000246
cliente522@empresa-demo.com,VIN000124
cliente436@empresa-demo.com,VIN000103
cliente37@empresa-demo.com,VIN000176
cliente168@empresa-demo.com,VIN000013
cliente96@empresa-demo.com,VIN000029
cliente582@empresa-demo.com,VIN000178
cliente329@empresa-demo.com,VIN000194
cliente41@empresa-demo.com,VIN000284
cliente498@empresa-demo.com,VIN000134
cliente495@empresa-demo.com,VIN000181
cliente656@empresa-demo.com,VIN000179
cliente147@empresa-demo.com,VIN000036
cliente719@empresa-demo.com,VIN000221
cliente709@empresa-demo.com,VIN000263
cliente216@empresa-demo.com,VIN000281
cliente474@empresa-demo.com,VIN000030
cliente664@empresa-demo.com,VIN000248
cliente370@empresa-demo.com,VIN000035
cliente121@empresa-demo.com,VIN000300
cliente626@empresa-demo.com,VIN000264
cliente752@empresa-demo.com,VIN000195
cliente36@empresa-demo.com,VIN000219
cliente593@empresa-demo.com,VIN000135
cliente217@empresa-demo.com,VIN000122
cliente712@empresa-demo.com,VIN000215
cliente477@empresa-demo.com,VIN000097
cliente570@empresa-demo.com,VIN000232
cliente73@empresa-demo.com,VIN000023
cliente787@empresa-demo.com,VIN000185
cliente677@empresa-demo.com,VIN000064
cliente500@empresa-demo.com,VIN000236
cliente234@empresa-demo.com,VIN000073
cliente532@empresa-demo.com,VIN000156
cliente631@empresa-demo.com,VIN000275
cliente345@empresa-demo.com,VIN000041
cliente352@empresa-demo.com,VIN000214
cliente14@empresa-demo.com,VIN000203
cliente148@empresa-demo.com,VIN000194
cliente779@empresa-demo.com,VIN000238
cliente92@empresa-demo.com,VIN000073
cliente214@empresa-demo.com,VIN000272
cliente48@empresa-demo.com,VIN000250
cliente387@empresa-demo.com,VIN000169
cliente330@empresa-demo.com,VIN000014
cliente224@empresa-demo.com,VIN000034
cliente165@empresa-demo.com,VIN000179
cliente69@empresa-demo.com,VIN000171
cliente355@empresa-demo.com,VIN000086
cliente49@empresa-demo.com,VIN000233
cliente544@empresa-demo.com,VIN000081
cliente236@empresa-demo.com,VIN000233
cliente671@empresa-demo.com,VIN000173
cliente207@empresa-demo.com,VIN000138
cliente243@empresa-demo.com,VIN000264
cliente412@empresa-demo.com,VIN000139
cliente190@empresa-demo.com,VIN000148
cliente529@empresa-demo.com,VIN000089
cliente133@empresa-demo.com,VIN000199
cliente433@empresa-demo.com,VIN000224
cliente641@empresa-demo.com,VIN000018
cliente555@empresa-demo.com,VIN000151
cliente98@empresa-demo.com,VIN000168
cliente47@empresa-demo.com,VIN000021
cliente563@empresa-demo.com,VIN000076
cliente742@empresa-demo.com,VIN000263
cliente233@empresa-demo.com,VIN000213
cliente117@empresa-demo.com,VIN000210
cliente507@empresa-demo.com,VIN000150
cliente457@empresa-demo.com,VIN000085
cliente446@empresa-demo.com,VIN000287
cliente617@empresa-demo.com,VIN000071
cliente238@empresa-demo.com,VIN000056
cliente781@empresa-demo.com,VIN000052
cliente58@empresa-demo.com,VIN000104
cliente231@empresa-demo.com,VIN000031
cliente733@empresa-demo.com,VIN000045
cliente105@empresa-demo.com,VIN000023
cliente602@empresa-demo.com,VIN000190
cliente760@empresa-demo.com,VIN000018
cliente581@empresa-demo.com,VIN000053
cliente135@empresa-demo.com,VIN000030
cliente624@empresa-demo.com,VIN000231
cliente315@empresa-demo.com,VIN000206
cliente385@empresa-demo.com,VIN000154
cliente689@empresa-demo.com,VIN000127
cliente82@empresa-demo.com,VIN000123
cliente119@empresa-demo.com,VIN000268
cliente758@empresa-demo.com,VIN000106
cliente96@empresa-demo.com,VIN000244
cliente747@empresa-demo.com,VIN000124
cliente108@empresa-demo.com,VIN000126
cliente329@empresa-demo.com,VIN000104
cliente399@empresa-demo.com,VIN000033
cliente201@empresa-demo.com,VIN000105
cliente132@empresa-demo.com,VIN000099
cliente135@empresa-demo.com,VIN000028
cliente554@empresa-demo.com,VIN000218
cliente242@empresa-demo.com,VIN000293
cliente353@empresa-demo.com,VIN000157
cliente30@empresa-demo.com,VIN000195
cliente27@empresa-demo.com,VIN000050
cliente76@empresa-demo.com,VIN000231
cliente43@empresa-demo.com,VIN000066
cliente678@empresa-demo.com,VIN000007
cliente799@empresa-demo.com,VIN000150
cliente725@empresa-demo.com,VIN000119
cliente389@empresa-demo.com,VIN000142
cliente755@empresa-demo.com,VIN000204
cliente562@empresa-demo.com,VIN000265
cliente621@empresa-demo.com,VIN000071
cliente89@empresa-demo.com,VIN000198
cliente551@empresa-demo.com,VIN000008
cliente322@empresa-demo.com,VIN000013
cliente11@empresa-demo.com,VIN000260
cliente557@empresa-demo.com,VIN000296
cliente768@empresa-demo.com,VIN000282
cliente796@empresa-demo.com,VIN000237
cliente553@empresa-demo.com,VIN000171
cliente714@empresa-demo.com,VIN000298
cliente521@empresa-demo.com,VIN000070
cliente414@empresa-demo.com,VIN000155
cliente117@empresa-demo.com,VIN000248
cliente597@empresa-demo.com,VIN000013
cliente136@empresa-demo.com,VIN000055
cliente519@empresa-demo.com,VIN000204
cliente386@empresa-demo.com,VIN000249
cliente156@empresa-demo.com,VIN000248
cliente753@empresa-demo.com,VIN000005
cliente166@empresa-demo.com,VIN000098
cliente57@empresa-demo.com,VIN000291
cliente451@empresa-demo.com,VIN000258
cliente724@empresa-demo.com,VIN000124
cliente522@empresa-demo.com,VIN000174
cliente38@empresa-demo.com,VIN000101
cliente57@empresa-demo.com,VIN000300
cliente13@empresa-demo.com,VIN000002
cliente467@empresa-demo.com,VIN000041
cliente648@empresa-demo.com,VIN000070
cliente259@empresa-demo.com,VIN000274
cliente597@empresa-demo.com,VIN000266
cliente195@empresa-demo.com,VIN000234
cliente422@empresa-demo.com,VIN000197
cliente657@empresa-demo.com,VIN000184
cliente466@empresa-demo.com,VIN000026
cliente10@empresa-demo.com,VIN000258
cliente505@empresa-demo.com,VIN000244
cliente362@empresa-demo.com,VIN000278
cliente421@empresa-demo.com,VIN000031
cliente729@empresa-demo.com,VIN000244
cliente256@empresa-demo.com,VIN000182
cliente797@empresa-demo.com,VIN000004
cliente478@empresa-demo.com,VIN000115
cliente83@empresa-demo.com,VIN000195
cliente44@empresa-demo.com,VIN000045
cliente499@empresa-demo.com,VIN000260
cliente262@empresa-demo.com,VIN000246
cliente315@empresa-demo.com,VIN000139
cliente54@empresa-demo.com,VIN000076
cliente318@empresa-demo.com,VIN000240
cliente215@empresa-demo.com,VIN000082
cliente579@empresa-demo.com,VIN000277
cliente680@empresa-demo.com,VIN000280
cliente613@empresa-demo.com,VIN000288
cliente386@empresa-demo.com,VIN000012
cliente543@empresa-demo.com,VIN000231
cliente532@empresa-demo.com,VIN000273
cliente59@empresa-demo.com,VIN000246
cliente42@empresa-demo.com,VIN000116
cliente787@empresa-demo.com,VIN000100
cliente29@empresa-demo.com,VIN000032
cliente43@empresa-demo.com,VIN000204
cliente458@empresa-demo.com,VIN000006
cliente04@empresa-demo.com,VIN000005
cliente206@empresa-demo.com,VIN000044
cliente263@empresa-demo.com,VIN000052
cliente525@empresa-demo.com,VIN000181
cliente198@empresa-demo.com,VIN000239
cliente707@empresa-demo.com,VIN000258
cliente730@empresa-demo.com,VIN000225
cliente344@empresa-demo.com,VIN000077
cliente688@empresa-demo.com,VIN000221
cliente191@empresa-demo.com,VIN000233
cliente569@empresa-demo.com,VIN000061
cliente29@empresa-demo.com,VIN000016
cliente103@empresa-demo.com,VIN000141
cliente729@empresa-demo.com,VIN000190
cliente15@empresa-demo.com,VIN000042
cliente109@empresa-demo.com,VIN000153
cliente786@empresa-demo.com,VIN000215
cliente203@empresa-demo.com,VIN000261
cliente18@empresa-demo.com,VIN000152
cliente321@empresa-demo.com,VIN000033
cliente392@empresa-demo.com,VIN000230
cliente710@empresa-demo.com,VIN000037
cliente238@empresa-demo.com,VIN000022
cliente19@empresa-demo.com,VIN000235
cliente289@empresa-demo.com,VIN000297
cliente158@empresa-demo.com,VIN000222
cliente250@empresa-demo.com,VIN000281
cliente166@empresa-demo.com,VIN000123
cliente357@empresa-demo.com,VIN000102
cliente667@empresa-demo.com,VIN000080
cliente740@empresa-demo.com,VIN000007
cliente539@empresa-demo.com,VIN000099
cliente188@empresa-demo.com,VIN000253
cliente171@empresa-demo.com,VIN000286
cliente707@empresa-demo.com,VIN000177
cliente128@empresa-demo.com,VIN000248
cliente287@empresa-demo.com,VIN000032
cliente15@empresa-demo.com,VIN000076
cliente262@empresa-demo.com,VIN000214
cliente736@empresa-demo.com,VIN000195
cliente72@empresa-demo.com,VIN000244
cliente558@empresa-demo.com,VIN000098
cliente229@empresa-demo.com,VIN000243
cliente175@empresa-demo.com,VIN000148
cliente674@empresa-demo.com,VIN000068
cliente770@empresa-demo.com,VIN000159
cliente144@empresa-demo.com,VIN000034
cliente674@empresa-demo.com,VIN000151
cliente533@empresa-demo.com,VIN000205
cliente234@empresa-demo.com,VIN000278
cliente256@empresa-demo.com,VIN000059
cliente472@empresa-demo.com,VIN000235
cliente607@empresa-demo.com,VIN000032
cliente347@empresa-demo.com,VIN000235
cliente327@empresa-demo.com,VIN000135
cliente620@empresa-demo.com,VIN000267
cliente762@empresa-demo.com,VIN000147
cliente716@empresa-demo.com,VIN000021
cliente29@empresa-demo.com,VIN000179
cliente584@empresa-demo.com,VIN000099
cliente178@empresa-demo.com,VIN000122
cliente362@empresa-demo.com,VIN000288
cliente151@empresa-demo.com,VIN000058
cliente239@empresa-demo.com,VIN000020
cliente148@empresa-demo.com,VIN000154
cliente518@empresa-demo.com,VIN000098
cliente590@empresa-demo.com,VIN000033
cliente277@empresa-demo.com,VIN000003
cliente477@empresa-demo.com,VIN000012
cliente231@empresa-demo.com,VIN000074
cliente757@empresa-demo.com,VIN000019
cliente197@empresa-demo.com,VIN000160
cliente683@empresa-demo.com,VIN000088
cliente757@empresa-demo.com,VIN000152
cliente777@empresa-demo.com,VIN000025
cliente316@empresa-demo.com,VIN000286
cliente395@empresa-demo.com,VIN000050
cliente368@empresa-demo.com,VIN000026
cliente286@empresa-demo.com,VIN000011
cliente559@empresa-demo.com,VIN000014
cliente556@empresa-demo.com,VIN000185
cliente348@empresa-demo.com,VIN000203
cliente433@empresa-demo.com,VIN000035
cliente67@empresa-demo.com,VIN000162
cliente622@empresa-demo.com,VIN000058
cliente591@empresa-demo.com,VIN000051
cliente278@empresa-demo.com,VIN000101
cliente792@empresa-demo.com,VIN000183
cliente560@empresa-demo.com,VIN000154
cliente06@empresa-demo.com,VIN000048
cliente397@empresa-demo.com,VIN000016
cliente697@empresa-demo.com,VIN000119
cliente450@empresa-demo.com,VIN000235
cliente114@empresa-demo.com,VIN000132
cliente74@empresa-demo.com,VIN000130
cliente559@empresa-demo.com,VIN000144
cliente84@empresa-demo.com,VIN000082
cliente648@empresa-demo.com,VIN000155
cliente110@empresa-demo.com,VIN000297
cliente369@empresa-demo.com,VIN000120
cliente168@empresa-demo.com,VIN000253
cliente753@empresa-demo.com,VIN000027
cliente15@empresa-demo.com,VIN000016
cliente528@empresa-demo.com,VIN000046
cliente319@empresa-demo.com,VIN000129
cliente188@empresa-demo.com,VIN000169
cliente14@empresa-demo.com,VIN000084
cliente651@empresa-demo.com,VIN000206
cliente267@empresa-demo.com,VIN000162
cliente524@empresa-demo.com,VIN000166
cliente641@empresa-demo.com,VIN000049
cliente764@empresa-demo.com,VIN000118
cliente255@empresa-demo.com,VIN000230
cliente743@empresa-demo.com,VIN000111
cliente747@empresa-demo.com,VIN000155
cliente107@empresa-demo.com,VIN000188
cliente638@empresa-demo.com,VIN000083
cliente42@empresa-demo.com,VIN000159
cliente293@empresa-demo.com,VIN000297
cliente732@empresa-demo.com,VIN000059
cliente684@empresa-demo.com,VIN000096
cliente628@empresa-demo.com,VIN000076
cliente752@empresa-demo.com,VIN000165
cliente704@empresa-demo.com,VIN000257
cliente572@empresa-demo.com,VIN000215
cliente123@empresa-demo.com,VIN000287
cliente712@empresa-demo.com,VIN000001
cliente99@empresa-demo.com,VIN000246
cliente196@empresa-demo.com,VIN000112
cliente759@empresa-demo.com,VIN000232
cliente269@empresa-demo.com,VIN000143
cliente607@empresa-demo.com,VIN000075
cliente359@empresa-demo.com,VIN000231
cliente183@empresa-demo.com,VIN000009
cliente637@empresa-demo.com,VIN000278
cliente329@empresa-demo.com,VIN000230
cliente781@empresa-demo.com,VIN000140
cliente651@empresa-demo.com,VIN000226
cliente538@empresa-demo.com,VIN000193
cliente581@empresa-demo.com,VIN000281
cliente490@empresa-demo.com,VIN000179
cliente636@empresa-demo.com,VIN000055
cliente610@empresa-demo.com,VIN000221
cliente688@empresa-demo.com,VIN000237
cliente630@empresa-demo.com,VIN000114
cliente21@empresa-demo.com,VIN000077
cliente601@empresa-demo.com,VIN000195
cliente792@empresa-demo.com,VIN000090
cliente55@empresa-demo.com,VIN000182
cliente500@empresa-demo.com,VIN000034
cliente571@empresa-demo.com,VIN000196
cliente643@empresa-demo.com,VIN000269
cliente534@empresa-demo.com,VIN000046
cliente382@empresa-demo.com,VIN000180
cliente496@empresa-demo.com,VIN000103
cliente06@empresa-demo.com,VIN000289
cliente746@empresa-demo.com,VIN000139
cliente617@empresa-demo.com,VIN000243
cliente478@empresa-demo.com,VIN000164
cliente202@empresa-demo.com,VIN000273
cliente172@empresa-demo.com,VIN000047
cliente504@empresa-demo.com,VIN000089
cliente727@empresa-demo.com,VIN000154
cliente352@empresa-demo.com,VIN000214
cliente684@empresa-demo.com,VIN000017
cliente684@empresa-demo.com,VIN000286
cliente110@empresa-demo.com,VIN000278
